{
  "results": [
    {
      "command": "pyshacl:design-patterns.ttl",
      "mean": 120.01401524627333,
      "stddev": 0.004540319292413571,
      "median": 120.01652536393999,
      "user": 108.29026879999999,
      "system": 9.84946856,
      "min": 120.00877408894,
      "max": 120.01674628594,
      "times": [
        120.01652536393999,
        120.01674628594,
        120.00877408894
      ],
      "memory_usage_byte": [
        101883904,
        101953536,
        101953536
      ],
      "exit_codes": [
        124,
        124,
        124
      ]
    }
  ]
}
