{
  "results": [
    {
      "command": "shifty-pre:design-patterns.ttl",
      "mean": 1.6564929919200002,
      "stddev": 0.14779572205315353,
      "median": 1.6237956979200001,
      "user": 2.3235959066666667,
      "system": 0.13879832,
      "min": 1.5277839239200002,
      "max": 1.81789935392,
      "times": [
        1.6237956979200001,
        1.81789935392,
        1.5277839239200002
      ],
      "memory_usage_byte": [
        86753280,
        86753280,
        86753280
      ],
      "exit_codes": [
        0,
        0,
        0
      ]
    }
  ]
}
