{
  "results": [
    {
      "command": "shifty:design-patterns.ttl",
      "mean": 1.581697851986667,
      "stddev": 0.1348607553288604,
      "median": 1.51316818132,
      "user": 3.6595687866666666,
      "system": 0.19348865333333332,
      "min": 1.4948627843200002,
      "max": 1.73706259032,
      "times": [
        1.73706259032,
        1.4948627843200002,
        1.51316818132
      ],
      "memory_usage_byte": [
        91992064,
        95150080,
        95150080
      ],
      "exit_codes": [
        0,
        0,
        0
      ]
    }
  ]
}
