{
  "results": [
    {
      "command": "shacl-compiler2:design-patterns.ttl",
      "mean": 13.668641733180001,
      "stddev": 5.457342717480822,
      "median": 16.06353929518,
      "user": 61.60280435999999,
      "system": 0.3225559266666666,
      "min": 7.42332817718,
      "max": 17.51905772718,
      "times": [
        17.51905772718,
        16.06353929518,
        7.42332817718
      ],
      "memory_usage_byte": [
        266260480,
        266260480,
        270835712
      ],
      "exit_codes": [
        0,
        0,
        0
      ]
    }
  ]
}
