{
  "results": [
    {
      "command": "topquadrant:design-patterns.ttl",
      "mean": 15.068683520599999,
      "stddev": 0.14574149325427826,
      "median": 15.0543495866,
      "user": 70.91478120666666,
      "system": 3.649957673333333,
      "min": 14.9306386196,
      "max": 15.2210623556,
      "times": [
        14.9306386196,
        15.2210623556,
        15.0543495866
      ],
      "memory_usage_byte": [
        472670208,
        574550016,
        574550016
      ],
      "exit_codes": [
        0,
        0,
        0
      ]
    }
  ]
}
