{
  "results": [
    {
      "command": "shacl-compiler2:guideline36-2021-A-2.ttl",
      "mean": 9.114243605273332,
      "stddev": 0.2253326889291628,
      "median": 9.174804956940001,
      "user": 89.15424104666666,
      "system": 0.29728494,
      "min": 8.86481899794,
      "max": 9.30310686094,
      "times": [
        8.86481899794,
        9.174804956940001,
        9.30310686094
      ],
      "memory_usage_byte": [
        265650176,
        280010752,
        280010752
      ],
      "exit_codes": [
        0,
        0,
        0
      ]
    }
  ]
}
