{
  "results": [
    {
      "command": "shifty-pre:guideline36-2021-A-9.ttl",
      "mean": 3.3056580436066674,
      "stddev": 1.784923870669059,
      "median": 4.19493028094,
      "user": 5.2597192266666655,
      "system": 0.2680776133333333,
      "min": 1.25078921194,
      "max": 4.47125463794,
      "times": [
        1.25078921194,
        4.47125463794,
        4.19493028094
      ],
      "memory_usage_byte": [
        135995392,
        428204032,
        439070720
      ],
      "exit_codes": [
        0,
        0,
        0
      ]
    }
  ]
}
