{
  "results": [
    {
      "command": "pyshacl:guideline36-2021-A-4.ttl",
      "mean": 120.00661312254665,
      "stddev": 0.0005059131103661319,
      "median": 120.00673936087999,
      "user": 118.05472005333333,
      "system": 1.84704338,
      "min": 120.00605604388,
      "max": 120.00704396287999,
      "times": [
        120.00605604388,
        120.00704396287999,
        120.00673936087999
      ],
      "memory_usage_byte": [
        100913152,
        101457920,
        101457920
      ],
      "exit_codes": [
        124,
        124,
        124
      ]
    }
  ]
}
