{
  "results": [
    {
      "command": "shacl-compiler2:guideline36-2021-A-7.ttl",
      "mean": 8.8388350229,
      "stddev": 0.12420052402187762,
      "median": 8.908049609899999,
      "user": 79.37107682666667,
      "system": 0.2366232,
      "min": 8.6954491659,
      "max": 8.9130062929,
      "times": [
        8.6954491659,
        8.908049609899999,
        8.9130062929
      ],
      "memory_usage_byte": [
        274878464,
        274878464,
        274878464
      ],
      "exit_codes": [
        0,
        0,
        0
      ]
    }
  ]
}
