{
  "results": [
    {
      "command": "topquadrant:guideline36-2021-A-4.ttl",
      "mean": 14.421183291646665,
      "stddev": 0.18353945087212212,
      "median": 14.46531792098,
      "user": 69.48744342,
      "system": 3.47159588,
      "min": 14.21960043198,
      "max": 14.57863152198,
      "times": [
        14.46531792098,
        14.57863152198,
        14.21960043198
      ],
      "memory_usage_byte": [
        450457600,
        563163136,
        563163136
      ],
      "exit_codes": [
        0,
        0,
        0
      ]
    }
  ]
}
