{
  "results": [
    {
      "command": "topquadrant:guideline36-2021-A-1.ttl",
      "mean": 13.966026925220001,
      "stddev": 0.09014491427591904,
      "median": 13.91945655622,
      "user": 66.09512420666667,
      "system": 3.401883573333334,
      "min": 13.908692595220002,
      "max": 14.06993162422,
      "times": [
        13.91945655622,
        13.908692595220002,
        14.06993162422
      ],
      "memory_usage_byte": [
        452616192,
        639725568,
        639725568
      ],
      "exit_codes": [
        0,
        0,
        0
      ]
    }
  ]
}
