{
  "results": [
    {
      "command": "shifty:guideline36-2021-A-7.ttl",
      "mean": 5.92385572096,
      "stddev": 0.1691511151816735,
      "median": 5.83262346496,
      "user": 7.165144359999999,
      "system": 0.3528295066666667,
      "min": 5.81990712596,
      "max": 6.11903657196,
      "times": [
        5.81990712596,
        6.11903657196,
        5.83262346496
      ],
      "memory_usage_byte": [
        554655744,
        554655744,
        554655744
      ],
      "exit_codes": [
        0,
        0,
        0
      ]
    }
  ]
}
