{
  "results": [
    {
      "command": "pyshacl:guideline36-2021-A-7.ttl",
      "mean": 120.00731151652,
      "stddev": 0.0006440198555901488,
      "median": 120.00764356652,
      "user": 110.10751148000001,
      "system": 9.497941526666667,
      "min": 120.00656923752,
      "max": 120.00772174552,
      "times": [
        120.00656923752,
        120.00772174552,
        120.00764356652
      ],
      "memory_usage_byte": [
        111284224,
        111284224,
        114225152
      ],
      "exit_codes": [
        124,
        124,
        124
      ]
    }
  ]
}
