{
  "results": [
    {
      "command": "shifty:guideline36-2021-A-2.ttl",
      "mean": 3.407516451953334,
      "stddev": 2.4763638141507545,
      "median": 1.98582127062,
      "user": 4.683698,
      "system": 0.21350597333333332,
      "min": 1.9697680246200002,
      "max": 6.266960060620001,
      "times": [
        6.266960060620001,
        1.98582127062,
        1.9697680246200002
      ],
      "memory_usage_byte": [
        559611904,
        559611904,
        559611904
      ],
      "exit_codes": [
        0,
        0,
        0
      ]
    }
  ]
}
