{
  "results": [
    {
      "command": "shacl-compiler2:guideline36-2021-A-9.ttl",
      "mean": 24.23962813428,
      "stddev": 0.5701437152017802,
      "median": 24.47553486628,
      "user": 310.8570336066667,
      "system": 0.3949905533333333,
      "min": 23.58939207428,
      "max": 24.65395746228,
      "times": [
        23.58939207428,
        24.47553486628,
        24.65395746228
      ],
      "memory_usage_byte": [
        263860224,
        272777216,
        272777216
      ],
      "exit_codes": [
        0,
        0,
        0
      ]
    }
  ]
}
