{
  "results": [
    {
      "command": "shacl-compiler2:guideline36-2021-A-1.ttl",
      "mean": 7.347010576373333,
      "stddev": 0.11051253649829965,
      "median": 7.40479188804,
      "user": 67.35723510666666,
      "system": 0.23993282666666663,
      "min": 7.21958560804,
      "max": 7.41665423304,
      "times": [
        7.21958560804,
        7.40479188804,
        7.41665423304
      ],
      "memory_usage_byte": [
        270958592,
        270958592,
        270958592
      ],
      "exit_codes": [
        0,
        0,
        0
      ]
    }
  ]
}
