{
  "results": [
    {
      "command": "topquadrant:guideline36-2021-A-3.ttl",
      "mean": 14.430850008026667,
      "stddev": 0.11984157443986014,
      "median": 14.42423649436,
      "user": 69.93994631999999,
      "system": 3.49559792,
      "min": 14.31445213236,
      "max": 14.55386139736,
      "times": [
        14.31445213236,
        14.55386139736,
        14.42423649436
      ],
      "memory_usage_byte": [
        560889856,
        566415360,
        566415360
      ],
      "exit_codes": [
        0,
        0,
        0
      ]
    }
  ]
}
