{
  "results": [
    {
      "command": "shacl-compiler2:guideline36-2021-A-8.ttl",
      "mean": 8.733554158566669,
      "stddev": 0.12539690534623046,
      "median": 8.778509390900002,
      "user": 75.80746903333333,
      "system": 0.24746629333333334,
      "min": 8.591876482900002,
      "max": 8.830276601900001,
      "times": [
        8.591876482900002,
        8.778509390900002,
        8.830276601900001
      ],
      "memory_usage_byte": [
        275124224,
        275124224,
        276119552
      ],
      "exit_codes": [
        0,
        0,
        0
      ]
    }
  ]
}
