{
  "results": [
    {
      "command": "shifty-pre:guideline36-2021-A-3.ttl",
      "mean": 3.2560102687200003,
      "stddev": 1.7953649281344486,
      "median": 4.16123708072,
      "user": 4.27760022,
      "system": 0.25949986666666663,
      "min": 1.18823168872,
      "max": 4.41856203672,
      "times": [
        1.18823168872,
        4.41856203672,
        4.16123708072
      ],
      "memory_usage_byte": [
        128999424,
        396337152,
        488804352
      ],
      "exit_codes": [
        0,
        0,
        0
      ]
    }
  ]
}
