{
  "results": [
    {
      "command": "shifty:guideline36-2021-A-1.ttl",
      "mean": 4.662918426413333,
      "stddev": 2.2955614141856997,
      "median": 5.98634578308,
      "user": 5.87950132,
      "system": 0.27979141999999996,
      "min": 2.01223334808,
      "max": 5.99017614808,
      "times": [
        5.98634578308,
        5.99017614808,
        2.01223334808
      ],
      "memory_usage_byte": [
        546578432,
        551956480,
        551956480
      ],
      "exit_codes": [
        0,
        0,
        0
      ]
    }
  ]
}
