{
  "results": [
    {
      "command": "topquadrant:guideline36-2021-A-9.ttl",
      "mean": 16.226791951566668,
      "stddev": 0.07839246514905072,
      "median": 16.2304302559,
      "user": 80.83343257999998,
      "system": 3.8594010466666666,
      "min": 16.146643681900002,
      "max": 16.3033019169,
      "times": [
        16.2304302559,
        16.146643681900002,
        16.3033019169
      ],
      "memory_usage_byte": [
        870494208,
        870494208,
        870494208
      ],
      "exit_codes": [
        0,
        0,
        0
      ]
    }
  ]
}
