{
  "results": [
    {
      "command": "shifty-pre:guideline36-2021-A-2.ttl",
      "mean": 4.7710456784,
      "stddev": 1.1658945027479632,
      "median": 4.1668357454,
      "user": 6.20238416,
      "system": 0.3626829133333333,
      "min": 4.0312736084,
      "max": 6.1150276814,
      "times": [
        4.1668357454,
        4.0312736084,
        6.1150276814
      ],
      "memory_usage_byte": [
        492716032,
        492716032,
        727687168
      ],
      "exit_codes": [
        0,
        0,
        0
      ]
    }
  ]
}
