{
  "results": [
    {
      "command": "shacl-compiler2:guideline36-2021-A-3.ttl",
      "mean": 9.102734267513334,
      "stddev": 0.11070867174353823,
      "median": 9.10524215318,
      "user": 88.34116441333333,
      "system": 0.29688207333333333,
      "min": 8.99079295918,
      "max": 9.212167690180001,
      "times": [
        8.99079295918,
        9.10524215318,
        9.212167690180001
      ],
      "memory_usage_byte": [
        267620352,
        269225984,
        269225984
      ],
      "exit_codes": [
        0,
        0,
        0
      ]
    }
  ]
}
