{
  "results": [
    {
      "command": "shifty:guideline36-2021-A-9.ttl",
      "mean": 3.4389904003866665,
      "stddev": 2.4013836663116677,
      "median": 2.07380617972,
      "user": 5.51786048,
      "system": 0.25598521333333335,
      "min": 2.03140367972,
      "max": 6.21176134172,
      "times": [
        2.03140367972,
        6.21176134172,
        2.07380617972
      ],
      "memory_usage_byte": [
        124633088,
        545693696,
        545693696
      ],
      "exit_codes": [
        0,
        0,
        0
      ]
    }
  ]
}
