{
  "results": [
    {
      "command": "topquadrant:guideline36-2021-A-2.ttl",
      "mean": 14.277161663780001,
      "stddev": 0.0560679916387163,
      "median": 14.28191176678,
      "user": 68.56209803333333,
      "system": 3.4221158000000003,
      "min": 14.21886973578,
      "max": 14.33070348878,
      "times": [
        14.33070348878,
        14.28191176678,
        14.21886973578
      ],
      "memory_usage_byte": [
        450068480,
        550547456,
        550547456
      ],
      "exit_codes": [
        0,
        0,
        0
      ]
    }
  ]
}
