{
  "results": [
    {
      "command": "topquadrant:guideline36-2021-A-8.ttl",
      "mean": 14.187091016293332,
      "stddev": 0.04936318522040265,
      "median": 14.20736897296,
      "user": 67.39207025999998,
      "system": 3.42432592,
      "min": 14.13081823896,
      "max": 14.22308583696,
      "times": [
        14.13081823896,
        14.20736897296,
        14.22308583696
      ],
      "memory_usage_byte": [
        659939328,
        659939328,
        659939328
      ],
      "exit_codes": [
        0,
        0,
        0
      ]
    }
  ]
}
