{
  "results": [
    {
      "command": "shifty:guideline36-2021-A-4.ttl",
      "mean": 4.769371329040001,
      "stddev": 2.402807091832232,
      "median": 6.04119271604,
      "user": 5.94905822,
      "system": 0.28734791333333337,
      "min": 1.9979666200400001,
      "max": 6.2689546510400005,
      "times": [
        6.04119271604,
        1.9979666200400001,
        6.2689546510400005
      ],
      "memory_usage_byte": [
        547295232,
        547295232,
        547295232
      ],
      "exit_codes": [
        0,
        0,
        0
      ]
    }
  ]
}
