{
  "results": [
    {
      "command": "shifty:guideline36-2021-A-3.ttl",
      "mean": 3.2685824671066666,
      "stddev": 2.259418576899911,
      "median": 1.9712979324400002,
      "user": 4.5716759399999995,
      "system": 0.22333317333333333,
      "min": 1.9569283454400002,
      "max": 5.877521123439999,
      "times": [
        1.9712979324400002,
        1.9569283454400002,
        5.877521123439999
      ],
      "memory_usage_byte": [
        124870656,
        124870656,
        539131904
      ],
      "exit_codes": [
        0,
        0,
        0
      ]
    }
  ]
}
