{
  "results": [
    {
      "command": "shifty-pre:guideline36-2021-A-7.ttl",
      "mean": 4.116568565180001,
      "stddev": 0.13150978723650492,
      "median": 4.06140714218,
      "user": 5.029367006666666,
      "system": 0.32767783999999994,
      "min": 4.02162280118,
      "max": 4.26667575218,
      "times": [
        4.26667575218,
        4.02162280118,
        4.06140714218
      ],
      "memory_usage_byte": [
        437022720,
        500076544,
        500076544
      ],
      "exit_codes": [
        0,
        0,
        0
      ]
    }
  ]
}
