{
  "results": [
    {
      "command": "shifty-pre:guideline36-2021-A-1.ttl",
      "mean": 4.575445958826666,
      "stddev": 2.9296001526363042,
      "median": 5.87452580016,
      "user": 6.489094493333333,
      "system": 0.29142370666666667,
      "min": 1.22093825116,
      "max": 6.63087382516,
      "times": [
        1.22093825116,
        6.63087382516,
        5.87452580016
      ],
      "memory_usage_byte": [
        126259200,
        710479872,
        710479872
      ],
      "exit_codes": [
        0,
        0,
        0
      ]
    }
  ]
}
