{
  "results": [
    {
      "command": "topquadrant:guideline36-2021-A-7.ttl",
      "mean": 14.243501209446665,
      "stddev": 0.08096442866853168,
      "median": 14.271700126779999,
      "user": 68.01946401333332,
      "system": 3.4385596666666665,
      "min": 14.15220813378,
      "max": 14.30659536778,
      "times": [
        14.15220813378,
        14.271700126779999,
        14.30659536778
      ],
      "memory_usage_byte": [
        545820672,
        642338816,
        642338816
      ],
      "exit_codes": [
        0,
        0,
        0
      ]
    }
  ]
}
