{
  "results": [
    {
      "command": "shacl-compiler2:guideline36-2021-A-4.ttl",
      "mean": 9.542449229946667,
      "stddev": 0.12447158619646746,
      "median": 9.585435071280001,
      "user": 97.51609086666667,
      "system": 0.30632963333333335,
      "min": 9.40218199028,
      "max": 9.63973062828,
      "times": [
        9.40218199028,
        9.63973062828,
        9.585435071280001
      ],
      "memory_usage_byte": [
        268283904,
        268283904,
        272506880
      ],
      "exit_codes": [
        0,
        0,
        0
      ]
    }
  ]
}
