{
  "results": [
    {
      "command": "pyshacl:guideline36-2021-A-1.ttl",
      "mean": 120.00690672349333,
      "stddev": 0.0007692293238426724,
      "median": 120.00676877016001,
      "user": 109.98874737333334,
      "system": 9.611599253333333,
      "min": 120.00621580516,
      "max": 120.00773559516,
      "times": [
        120.00621580516,
        120.00676877016001,
        120.00773559516
      ],
      "memory_usage_byte": [
        111267840,
        111267840,
        111517696
      ],
      "exit_codes": [
        124,
        124,
        124
      ]
    }
  ]
}
