{
  "results": [
    {
      "command": "pyshacl:guideline36-2021-A-2.ttl",
      "mean": 120.00687553588,
      "stddev": 0.0007607880019914673,
      "median": 120.00711569388001,
      "user": 118.11992806,
      "system": 1.7827164133333333,
      "min": 120.00602364988,
      "max": 120.00748726388001,
      "times": [
        120.00711569388001,
        120.00748726388001,
        120.00602364988
      ],
      "memory_usage_byte": [
        99979264,
        100872192,
        100872192
      ],
      "exit_codes": [
        124,
        124,
        124
      ]
    }
  ]
}
