{
  "results": [
    {
      "command": "shifty:guideline36-2021-A-8.ttl",
      "mean": 6.018586797886666,
      "stddev": 0.17822279735431346,
      "median": 6.02199483922,
      "user": 7.242144013333333,
      "system": 0.33661004666666666,
      "min": 5.83868442022,
      "max": 6.19508113422,
      "times": [
        5.83868442022,
        6.02199483922,
        6.19508113422
      ],
      "memory_usage_byte": [
        547606528,
        547606528,
        547606528
      ],
      "exit_codes": [
        0,
        0,
        0
      ]
    }
  ]
}
