{
  "results": [
    {
      "command": "shifty-pre:guideline36-2021-A-4.ttl",
      "mean": 1.1824087014733333,
      "stddev": 0.012097113470773614,
      "median": 1.18598982114,
      "user": 2.6623513000000005,
      "system": 0.13918213333333332,
      "min": 1.16892533014,
      "max": 1.19231095314,
      "times": [
        1.19231095314,
        1.16892533014,
        1.18598982114
      ],
      "memory_usage_byte": [
        129404928,
        129404928,
        129417216
      ],
      "exit_codes": [
        0,
        0,
        0
      ]
    }
  ]
}
