{
  "results": [
    {
      "command": "pyshacl:guideline36-2021-A-9.ttl",
      "mean": 120.00721015996665,
      "stddev": 0.00024835187112401614,
      "median": 120.00723938329999,
      "user": 117.23344323333333,
      "system": 2.6341003533333334,
      "min": 120.00694848929999,
      "max": 120.00744260729999,
      "times": [
        120.00744260729999,
        120.00723938329999,
        120.00694848929999
      ],
      "memory_usage_byte": [
        98959360,
        99258368,
        102625280
      ],
      "exit_codes": [
        124,
        124,
        124
      ]
    }
  ]
}
