{
  "results": [
    {
      "command": "pyshacl:guideline36-2021-A-8.ttl",
      "mean": 120.00715673061335,
      "stddev": 0.0004042463164598353,
      "median": 120.00721625528,
      "user": 110.05241536666665,
      "system": 9.542840193333333,
      "min": 120.00672602228,
      "max": 120.00752791428,
      "times": [
        120.00672602228,
        120.00752791428,
        120.00721625528
      ],
      "memory_usage_byte": [
        111333376,
        111333376,
        111362048
      ],
      "exit_codes": [
        124,
        124,
        124
      ]
    }
  ]
}
