{
  "results": [
    {
      "command": "shifty-pre:guideline36-2021-A-8.ttl",
      "mean": 3.165579628713333,
      "stddev": 1.72795230917793,
      "median": 4.07759209538,
      "user": 4.064350066666667,
      "system": 0.2585725466666667,
      "min": 1.17269534938,
      "max": 4.24645144138,
      "times": [
        4.24645144138,
        4.07759209538,
        1.17269534938
      ],
      "memory_usage_byte": [
        423911424,
        498728960,
        498728960
      ],
      "exit_codes": [
        0,
        0,
        0
      ]
    }
  ]
}
