{
  "results": [
    {
      "command": "pyshacl:guideline36-2021-A-3.ttl",
      "mean": 120.00665216641335,
      "stddev": 0.0003806601257877192,
      "median": 120.00645732608001,
      "user": 117.68952534666666,
      "system": 2.2020084066666668,
      "min": 120.00640836808,
      "max": 120.00709080508001,
      "times": [
        120.00709080508001,
        120.00645732608001,
        120.00640836808
      ],
      "memory_usage_byte": [
        96477184,
        101064704,
        101064704
      ],
      "exit_codes": [
        124,
        124,
        124
      ]
    }
  ]
}
