{
  "results": [
    {
      "command": "shacl-compiler2:lbnl-example-radiant.ttl",
      "mean": 3.829700665946667,
      "stddev": 0.1375485395878406,
      "median": 3.7579094742800003,
      "user": 25.805837453333336,
      "system": 0.18184266666666668,
      "min": 3.7429010322800003,
      "max": 3.9882914912800005,
      "times": [
        3.7579094742800003,
        3.9882914912800005,
        3.7429010322800003
      ],
      "memory_usage_byte": [
        278790144,
        278790144,
        281849856
      ],
      "exit_codes": [
        0,
        0,
        0
      ]
    }
  ]
}
