{
  "results": [
    {
      "command": "topquadrant:lbnl-example-radiant.ttl",
      "mean": 11.801310434753333,
      "stddev": 0.20471752735392665,
      "median": 11.849981050419998,
      "user": 59.6442681,
      "system": 2.71594386,
      "min": 11.576643790419999,
      "max": 11.97730646342,
      "times": [
        11.576643790419999,
        11.849981050419998,
        11.97730646342
      ],
      "memory_usage_byte": [
        934981632,
        934981632,
        962850816
      ],
      "exit_codes": [
        0,
        0,
        0
      ]
    }
  ]
}
