{
  "results": [
    {
      "command": "shifty-pre:lbnl-example-radiant.ttl",
      "mean": 1.2316651044533333,
      "stddev": 0.012263825187219654,
      "median": 1.2338240651199999,
      "user": 3.4958028266666665,
      "system": 0.14075510666666669,
      "min": 1.2184651631199999,
      "max": 1.24270608512,
      "times": [
        1.2184651631199999,
        1.2338240651199999,
        1.24270608512
      ],
      "memory_usage_byte": [
        144080896,
        144080896,
        144080896
      ],
      "exit_codes": [
        0,
        0,
        0
      ]
    }
  ]
}
