{
  "results": [
    {
      "command": "topquadrant:lbnl-bdg3-1.ttl",
      "mean": 20.825900520026664,
      "stddev": 0.9674297460929759,
      "median": 21.35793129036,
      "user": 83.78468945333334,
      "system": 3.2790570666666667,
      "min": 19.709222006359997,
      "max": 21.41054826336,
      "times": [
        19.709222006359997,
        21.41054826336,
        21.35793129036
      ],
      "memory_usage_byte": [
        1020633088,
        1037070336,
        1037070336
      ],
      "exit_codes": [
        0,
        0,
        0
      ]
    }
  ]
}
