{
  "results": [
    {
      "command": "shacl-compiler2:lbnl-bdg3-1.ttl",
      "mean": 116.08042845010668,
      "stddev": 3.9746980702873778,
      "median": 116.14547735544,
      "user": 1741.6837150666663,
      "system": 0.8552109066666667,
      "min": 112.07360516243999,
      "max": 120.02220283244,
      "times": [
        112.07360516243999,
        116.14547735544,
        120.02220283244
      ],
      "memory_usage_byte": [
        392237056,
        392237056,
        392237056
      ],
      "exit_codes": [
        0,
        0,
        124
      ]
    }
  ]
}
