{
  "results": [
    {
      "command": "shifty-pre:lbnl-bdg4-1.ttl",
      "mean": 2.540137577113334,
      "stddev": 0.06852122637774892,
      "median": 2.5723292477800004,
      "user": 20.499067526666668,
      "system": 0.29677378666666665,
      "min": 2.4614483657800004,
      "max": 2.58663511778,
      "times": [
        2.58663511778,
        2.4614483657800004,
        2.5723292477800004
      ],
      "memory_usage_byte": [
        171282432,
        181141504,
        181141504
      ],
      "exit_codes": [
        0,
        0,
        0
      ]
    }
  ]
}
