{
  "results": [
    {
      "command": "pyshacl:lbnl-bdg3-1.ttl",
      "mean": 120.00857258941333,
      "stddev": 0.0005127641209644902,
      "median": 120.00874427208,
      "user": 115.49350307333333,
      "system": 4.202512946666666,
      "min": 120.00799601308,
      "max": 120.00897748308,
      "times": [
        120.00799601308,
        120.00897748308,
        120.00874427208
      ],
      "memory_usage_byte": [
        128290816,
        133627904,
        134836224
      ],
      "exit_codes": [
        124,
        124,
        124
      ]
    }
  ]
}
