{
  "results": [
    {
      "command": "shifty:lbnl-bdg4-1.ttl",
      "mean": 2.3729274484,
      "stddev": 0.11511274285340402,
      "median": 2.3673482914,
      "user": 23.73190005333333,
      "system": 0.3263613466666666,
      "min": 2.2607057304,
      "max": 2.4907283234,
      "times": [
        2.3673482914,
        2.4907283234,
        2.2607057304
      ],
      "memory_usage_byte": [
        178913280,
        178913280,
        178913280
      ],
      "exit_codes": [
        0,
        0,
        0
      ]
    }
  ]
}
