{
  "results": [
    {
      "command": "shifty-pre:lbnl-bdg3-1.ttl",
      "mean": 8.2332967952,
      "stddev": 0.11872073195478595,
      "median": 8.2493135872,
      "user": 34.63962404,
      "system": 0.59492318,
      "min": 8.1073807702,
      "max": 8.343196028200001,
      "times": [
        8.343196028200001,
        8.1073807702,
        8.2493135872
      ],
      "memory_usage_byte": [
        864489472,
        883888128,
        883888128
      ],
      "exit_codes": [
        0,
        0,
        0
      ]
    }
  ]
}
