{
  "results": [
    {
      "command": "pyshacl:lbnl-example-radiant.ttl",
      "mean": 120.00799808648001,
      "stddev": 0.0013495011202891384,
      "median": 120.00736831348,
      "user": 111.03347897999998,
      "system": 8.60811816,
      "min": 120.00707859348,
      "max": 120.00954735248,
      "times": [
        120.00954735248,
        120.00707859348,
        120.00736831348
      ],
      "memory_usage_byte": [
        105541632,
        105541632,
        105541632
      ],
      "exit_codes": [
        124,
        124,
        124
      ]
    }
  ]
}
