{
  "results": [
    {
      "command": "pyshacl:lbnl-bdg4-1.ttl",
      "mean": 120.00779878515999,
      "stddev": 0.0005233950945568955,
      "median": 120.00775368916,
      "user": 116.27730421333332,
      "system": 3.4988704733333336,
      "min": 120.00729939716,
      "max": 120.00834326916,
      "times": [
        120.00775368916,
        120.00834326916,
        120.00729939716
      ],
      "memory_usage_byte": [
        120463360,
        120463360,
        120463360
      ],
      "exit_codes": [
        124,
        124,
        124
      ]
    }
  ]
}
