{
  "results": [
    {
      "command": "shifty:lbnl-example-radiant.ttl",
      "mean": 3.5790116362733335,
      "stddev": 0.014379202334380808,
      "median": 3.58151458794,
      "user": 7.087576093333333,
      "system": 0.35050423999999997,
      "min": 3.56354527794,
      "max": 3.59197504294,
      "times": [
        3.58151458794,
        3.59197504294,
        3.56354527794
      ],
      "memory_usage_byte": [
        565002240,
        570318848,
        570318848
      ],
      "exit_codes": [
        0,
        0,
        0
      ]
    }
  ]
}
