{
  "results": [
    {
      "command": "shifty:lbnl-bdg3-1.ttl",
      "mean": 6.693555746893334,
      "stddev": 2.567608227185415,
      "median": 8.01644061356,
      "user": 28.094741359999997,
      "system": 0.45152904,
      "min": 3.73426785956,
      "max": 8.329958767559999,
      "times": [
        8.329958767559999,
        3.73426785956,
        8.01644061356
      ],
      "memory_usage_byte": [
        703123456,
        703123456,
        703647744
      ],
      "exit_codes": [
        0,
        0,
        0
      ]
    }
  ]
}
