{
  "results": [
    {
      "command": "topquadrant:lbnl-bdg4-1.ttl",
      "mean": 33.00029639938,
      "stddev": 0.8832549516433532,
      "median": 32.975266229380004,
      "user": 149.07338972666665,
      "system": 6.2583480400000004,
      "min": 32.12982256738,
      "max": 33.89580040138,
      "times": [
        33.89580040138,
        32.975266229380004,
        32.12982256738
      ],
      "memory_usage_byte": [
        940883968,
        940883968,
        957186048
      ],
      "exit_codes": [
        0,
        0,
        0
      ]
    }
  ]
}
