{
  "results": [
    {
      "command": "shacl-compiler2:lbnl-bdg4-1.ttl",
      "mean": 120.0221448186,
      "stddev": 0.004308214647159642,
      "median": 120.0235472696,
      "user": 1792.92546974,
      "system": 0.8811754066666667,
      "min": 120.0173101246,
      "max": 120.02557706159999,
      "times": [
        120.0173101246,
        120.0235472696,
        120.02557706159999
      ],
      "memory_usage_byte": [
        304803840,
        308203520,
        308203520
      ],
      "exit_codes": [
        124,
        124,
        124
      ]
    }
  ]
}
