{
  "results": [
    {
      "command": "shacl-compiler2:NIST-IBAL.ttl",
      "mean": 118.5220050761,
      "stddev": 2.148168958650503,
      "median": 119.4895176781,
      "user": 1653.4423365666662,
      "system": 0.8152200533333332,
      "min": 116.0602271881,
      "max": 120.01627036209999,
      "times": [
        116.0602271881,
        119.4895176781,
        120.01627036209999
      ],
      "memory_usage_byte": [
        300646400,
        309776384,
        309776384
      ],
      "exit_codes": [
        0,
        0,
        124
      ]
    }
  ]
}
