{
  "results": [
    {
      "command": "shifty:NIST-HPL.ttl",
      "mean": 6.116300861886667,
      "stddev": 0.07670314444468315,
      "median": 6.111412512219999,
      "user": 8.370334486666666,
      "system": 0.4036754266666666,
      "min": 6.04215880822,
      "max": 6.19533126522,
      "times": [
        6.111412512219999,
        6.19533126522,
        6.04215880822
      ],
      "memory_usage_byte": [
        561500160,
        561500160,
        562905088
      ],
      "exit_codes": [
        0,
        0,
        0
      ]
    }
  ]
}
