{
  "results": [
    {
      "command": "shacl-compiler2:nist-bdg1-1.ttl",
      "mean": 26.26341464926,
      "stddev": 0.9863674904180243,
      "median": 26.55200764226,
      "user": 327.37061456,
      "system": 0.44099992000000005,
      "min": 25.164939768260002,
      "max": 27.07329653726,
      "times": [
        25.164939768260002,
        26.55200764226,
        27.07329653726
      ],
      "memory_usage_byte": [
        278446080,
        278446080,
        278446080
      ],
      "exit_codes": [
        0,
        0,
        0
      ]
    }
  ]
}
