{
  "results": [
    {
      "command": "shifty:NIST-IBAL.ttl",
      "mean": 6.238677120199999,
      "stddev": 2.6586211641993476,
      "median": 7.3325172972,
      "user": 21.2260216,
      "system": 0.4468447133333333,
      "min": 3.2076270542,
      "max": 8.1758870092,
      "times": [
        3.2076270542,
        8.1758870092,
        7.3325172972
      ],
      "memory_usage_byte": [
        169345024,
        606941184,
        607940608
      ],
      "exit_codes": [
        0,
        0,
        0
      ]
    }
  ]
}
