{
  "results": [
    {
      "command": "shifty-pre:NIST-IBAL.ttl",
      "mean": 7.414759539920001,
      "stddev": 1.3867440809974871,
      "median": 8.01245109992,
      "user": 26.927350373333336,
      "system": 0.5962881733333333,
      "min": 5.82939413492,
      "max": 8.40243338492,
      "times": [
        5.82939413492,
        8.01245109992,
        8.40243338492
      ],
      "memory_usage_byte": [
        426459136,
        656023552,
        660164608
      ],
      "exit_codes": [
        0,
        0,
        0
      ]
    }
  ]
}
