{
  "results": [
    {
      "command": "shacl-compiler2:NIST-HPL.ttl",
      "mean": 27.150538559213334,
      "stddev": 1.1758327039748773,
      "median": 27.298594219880002,
      "user": 327.52430223999994,
      "system": 0.37959121999999995,
      "min": 25.90768987488,
      "max": 28.24533158288,
      "times": [
        25.90768987488,
        27.298594219880002,
        28.24533158288
      ],
      "memory_usage_byte": [
        268013568,
        268013568,
        268013568
      ],
      "exit_codes": [
        0,
        0,
        0
      ]
    }
  ]
}
