{
  "results": [
    {
      "command": "shifty-pre:nist-bdg1-1.ttl",
      "mean": 3.5569516411199995,
      "stddev": 1.9226901506098437,
      "median": 4.43224114112,
      "user": 6.256673999999999,
      "system": 0.32762978666666664,
      "min": 1.35234944012,
      "max": 4.88626434212,
      "times": [
        4.88626434212,
        4.43224114112,
        1.35234944012
      ],
      "memory_usage_byte": [
        495144960,
        515342336,
        515342336
      ],
      "exit_codes": [
        0,
        0,
        0
      ]
    }
  ]
}
