{
  "results": [
    {
      "command": "pyshacl:NIST-IBAL.ttl",
      "mean": 108.58896036705335,
      "stddev": 19.78257733930514,
      "median": 120.00738995572,
      "user": 103.18661028000001,
      "system": 4.585091153333333,
      "min": 85.74600793372,
      "max": 120.01348321172,
      "times": [
        120.00738995572,
        85.74600793372,
        120.01348321172
      ],
      "memory_usage_byte": [
        107548672,
        107548672,
        108478464
      ],
      "exit_codes": [
        124,
        1,
        124
      ]
    }
  ]
}
