{
  "results": [
    {
      "command": "shifty:nist-bdg1-1.ttl",
      "mean": 6.438858906519999,
      "stddev": 0.22219383030434925,
      "median": 6.469885898519999,
      "user": 9.595522806666667,
      "system": 0.42677857999999996,
      "min": 6.20278228452,
      "max": 6.64390853652,
      "times": [
        6.20278228452,
        6.469885898519999,
        6.64390853652
      ],
      "memory_usage_byte": [
        576413696,
        576413696,
        576413696
      ],
      "exit_codes": [
        0,
        0,
        0
      ]
    }
  ]
}
