{
  "results": [
    {
      "command": "pyshacl:NIST-HPL.ttl",
      "mean": 120.00693646583333,
      "stddev": 0.00041210715161286293,
      "median": 120.0069522285,
      "user": 109.72997355333332,
      "system": 9.7824032,
      "min": 120.0065167035,
      "max": 120.00734046550001,
      "times": [
        120.0065167035,
        120.00734046550001,
        120.0069522285
      ],
      "memory_usage_byte": [
        103206912,
        103206912,
        103206912
      ],
      "exit_codes": [
        124,
        124,
        124
      ]
    }
  ]
}
