{
  "results": [
    {
      "command": "pyshacl:nist-bdg1-1.ttl",
      "mean": 120.00800090303333,
      "stddev": 0.003510144593634242,
      "median": 120.0066988257,
      "user": 113.20197038666667,
      "system": 4.679163113333334,
      "min": 120.0053278537,
      "max": 120.0119760297,
      "times": [
        120.0053278537,
        120.0066988257,
        120.0119760297
      ],
      "memory_usage_byte": [
        98111488,
        98406400,
        98406400
      ],
      "exit_codes": [
        124,
        124,
        124
      ]
    }
  ]
}
