{
  "results": [
    {
      "command": "shifty-pre:NIST-HPL.ttl",
      "mean": 2.3620392568799997,
      "stddev": 1.8245784881989913,
      "median": 1.3131067628800002,
      "user": 4.32733572,
      "system": 0.2369441866666667,
      "min": 1.30413635388,
      "max": 4.4688746538799995,
      "times": [
        1.30413635388,
        1.3131067628800002,
        4.4688746538799995
      ],
      "memory_usage_byte": [
        135622656,
        135622656,
        401539072
      ],
      "exit_codes": [
        0,
        0,
        0
      ]
    }
  ]
}
