{
  "results": [
    {
      "command": "topquadrant:nist-bdg1-1.ttl",
      "mean": 18.502383051926667,
      "stddev": 1.0142309244203822,
      "median": 18.690426142259998,
      "user": 90.52060794666666,
      "system": 3.9333095666666664,
      "min": 17.40728997326,
      "max": 19.409433040259998,
      "times": [
        17.40728997326,
        19.409433040259998,
        18.690426142259998
      ],
      "memory_usage_byte": [
        930578432,
        930578432,
        932962304
      ],
      "exit_codes": [
        0,
        0,
        0
      ]
    }
  ]
}
