{
  "results": [
    {
      "command": "topquadrant:NIST-IBAL.ttl",
      "mean": 58.53681325053333,
      "stddev": 21.552310137200895,
      "median": 70.0325732562,
      "user": 191.35016223333332,
      "system": 6.830800919999999,
      "min": 33.6738162282,
      "max": 71.9040502672,
      "times": [
        71.9040502672,
        33.6738162282,
        70.0325732562
      ],
      "memory_usage_byte": [
        988479488,
        988479488,
        988585984
      ],
      "exit_codes": [
        0,
        0,
        0
      ]
    }
  ]
}
