{
  "results": [
    {
      "command": "topquadrant:NIST-HPL.ttl",
      "mean": 17.011546541199998,
      "stddev": 0.25689472828665555,
      "median": 16.902211081199997,
      "user": 82.98410752,
      "system": 3.8442104799999997,
      "min": 16.827406358199998,
      "max": 17.3050221842,
      "times": [
        16.902211081199997,
        16.827406358199998,
        17.3050221842
      ],
      "memory_usage_byte": [
        701517824,
        701517824,
        701517824
      ],
      "exit_codes": [
        0,
        0,
        0
      ]
    }
  ]
}
