{
  "results": [
    {
      "command": "shacl-compiler2:nrel-example.ttl",
      "mean": 120.02094019173335,
      "stddev": 0.00496886442870306,
      "median": 120.0191689534,
      "user": 1821.1359803133334,
      "system": 0.6586577266666666,
      "min": 120.0170996444,
      "max": 120.0265519774,
      "times": [
        120.0191689534,
        120.0170996444,
        120.0265519774
      ],
      "memory_usage_byte": [
        248389632,
        248664064,
        249380864
      ],
      "exit_codes": [
        124,
        124,
        124
      ]
    }
  ]
}
