{
  "results": [
    {
      "command": "shifty-pre:nrel-example.ttl",
      "mean": 1.4087534969600002,
      "stddev": 0.12145468097178748,
      "median": 1.4401018919600002,
      "user": 14.93370596,
      "system": 0.32515476,
      "min": 1.2746977209600001,
      "max": 1.51146087796,
      "times": [
        1.51146087796,
        1.2746977209600001,
        1.4401018919600002
      ],
      "memory_usage_byte": [
        162144256,
        162144256,
        162144256
      ],
      "exit_codes": [
        0,
        0,
        0
      ]
    }
  ]
}
