{
  "results": [
    {
      "command": "pyshacl:nrel-example.ttl",
      "mean": 120.00605529642,
      "stddev": 0.00043557443827721594,
      "median": 120.00607716542,
      "user": 118.51933417333332,
      "system": 1.3991510399999998,
      "min": 120.00560919942,
      "max": 120.00647952442,
      "times": [
        120.00607716542,
        120.00647952442,
        120.00560919942
      ],
      "memory_usage_byte": [
        104804352,
        104804352,
        107208704
      ],
      "exit_codes": [
        124,
        124,
        124
      ]
    }
  ]
}
