{
  "results": [
    {
      "command": "topquadrant:nrel-example.ttl",
      "mean": 26.742264586393333,
      "stddev": 0.13336252276254468,
      "median": 26.713561884060002,
      "user": 139.62857089333332,
      "system": 5.980227506666665,
      "min": 26.625590449060002,
      "max": 26.88764142606,
      "times": [
        26.625590449060002,
        26.713561884060002,
        26.88764142606
      ],
      "memory_usage_byte": [
        961744896,
        961744896,
        961744896
      ],
      "exit_codes": [
        0,
        0,
        0
      ]
    }
  ]
}
