{
  "results": [
    {
      "command": "shifty:nrel-example.ttl",
      "mean": 1.4940426554400001,
      "stddev": 0.017687451774441653,
      "median": 1.50000313044,
      "user": 13.440585026666668,
      "system": 0.2834900533333333,
      "min": 1.4741449564400002,
      "max": 1.5079798794400001,
      "times": [
        1.4741449564400002,
        1.5079798794400001,
        1.50000313044
      ],
      "memory_usage_byte": [
        157777920,
        164265984,
        164265984
      ],
      "exit_codes": [
        0,
        0,
        0
      ]
    }
  ]
}
