{
  "results": [
    {
      "command": "pyshacl",
      "times": [
        120.0065167035,
        120.00734046550001,
        120.0069522285,
        120.00738995572,
        85.74600793372,
        120.01348321172,
        120.01652536393999,
        120.01674628594,
        120.00877408894,
        120.00621580516,
        120.00676877016001,
        120.00773559516,
        120.00711569388001,
        120.00748726388001,
        120.00602364988,
        120.00709080508001,
        120.00645732608001,
        120.00640836808,
        120.00605604388,
        120.00704396287999,
        120.00673936087999,
        120.00656923752,
        120.00772174552,
        120.00764356652,
        120.00672602228,
        120.00752791428,
        120.00721625528,
        120.00744260729999,
        120.00723938329999,
        120.00694848929999,
        120.00799601308,
        120.00897748308,
        120.00874427208,
        120.00775368916,
        120.00834326916,
        120.00729939716,
        120.00954735248,
        120.00707859348,
        120.00736831348,
        120.0053278537,
        120.0066988257,
        120.0119760297,
        120.00607716542,
        120.00647952442,
        120.00560919942,
        120.00668353194,
        120.00599863394,
        120.00798828794,
        120.00721751864,
        120.01106602664001,
        120.00791687364001,
        120.01202524931999,
        120.00815243832,
        120.01079674731999,
        120.00914897210001,
        120.00963993910001,
        120.00698401710001
      ],
      "mean": 119.40692647932106,
      "median": 120.00729939716,
      "min": 85.74600793372,
      "max": 120.01674628594,
      "stddev": 4.538114195503387
    },
    {
      "command": "shacl-compiler2",
      "times": [
        25.90768987488,
        27.298594219880002,
        28.24533158288,
        116.0602271881,
        119.4895176781,
        120.01627036209999,
        17.51905772718,
        16.06353929518,
        7.42332817718,
        7.21958560804,
        7.40479188804,
        7.41665423304,
        8.86481899794,
        9.174804956940001,
        9.30310686094,
        8.99079295918,
        9.10524215318,
        9.212167690180001,
        9.40218199028,
        9.63973062828,
        9.585435071280001,
        8.6954491659,
        8.908049609899999,
        8.9130062929,
        8.591876482900002,
        8.778509390900002,
        8.830276601900001,
        23.58939207428,
        24.47553486628,
        24.65395746228,
        112.07360516243999,
        116.14547735544,
        120.02220283244,
        120.0173101246,
        120.0235472696,
        120.02557706159999,
        3.7579094742800003,
        3.9882914912800005,
        3.7429010322800003,
        25.164939768260002,
        26.55200764226,
        27.07329653726,
        120.0191689534,
        120.0170996444,
        120.0265519774,
        11.213611133579999,
        11.24926853958,
        11.59153378758,
        120.03246380588,
        120.02451481988,
        120.02729723188,
        120.02313098987999,
        120.03294122387999,
        120.03052107187999,
        52.37478143098,
        53.97077752698,
        54.38112544498
      ],
      "mean": 48.81369779691123,
      "median": 24.47553486628,
      "min": 3.7429010322800003,
      "max": 120.03294122387999,
      "stddev": 49.41987092269298
    },
    {
      "command": "shifty",
      "times": [
        6.111412512219999,
        6.19533126522,
        6.04215880822,
        3.2076270542,
        8.1758870092,
        7.3325172972,
        1.73706259032,
        1.4948627843200002,
        1.51316818132,
        5.98634578308,
        5.99017614808,
        2.01223334808,
        6.266960060620001,
        1.98582127062,
        1.9697680246200002,
        1.9712979324400002,
        1.9569283454400002,
        5.877521123439999,
        6.04119271604,
        1.9979666200400001,
        6.2689546510400005,
        5.81990712596,
        6.11903657196,
        5.83262346496,
        5.83868442022,
        6.02199483922,
        6.19508113422,
        2.03140367972,
        6.21176134172,
        2.07380617972,
        8.329958767559999,
        3.73426785956,
        8.01644061356,
        2.3673482914,
        2.4907283234,
        2.2607057304,
        3.58151458794,
        3.59197504294,
        3.56354527794,
        6.20278228452,
        6.469885898519999,
        6.64390853652,
        1.4741449564400002,
        1.5079798794400001,
        1.50000313044,
        8.247901329580001,
        4.0711608435799995,
        7.64508409658,
        23.20337072742,
        18.63179292442,
        18.56688771742,
        18.304285298,
        17.852851963,
        21.045837549999998,
        6.580150332180001,
        6.59457317818,
        6.5552001761800005
      ],
      "mean": 6.23357504562421,
      "median": 5.99017614808,
      "min": 1.4741449564400002,
      "max": 23.20337072742,
      "stddev": 5.1333838994796785
    },
    {
      "command": "shifty-pre",
      "times": [
        1.30413635388,
        1.3131067628800002,
        4.4688746538799995,
        5.82939413492,
        8.01245109992,
        8.40243338492,
        1.6237956979200001,
        1.81789935392,
        1.5277839239200002,
        1.22093825116,
        6.63087382516,
        5.87452580016,
        4.1668357454,
        4.0312736084,
        6.1150276814,
        1.18823168872,
        4.41856203672,
        4.16123708072,
        1.19231095314,
        1.16892533014,
        1.18598982114,
        4.26667575218,
        4.02162280118,
        4.06140714218,
        4.24645144138,
        4.07759209538,
        1.17269534938,
        1.25078921194,
        4.47125463794,
        4.19493028094,
        8.343196028200001,
        8.1073807702,
        8.2493135872,
        2.58663511778,
        2.4614483657800004,
        2.5723292477800004,
        1.2184651631199999,
        1.2338240651199999,
        1.24270608512,
        4.88626434212,
        4.43224114112,
        1.35234944012,
        1.51146087796,
        1.2746977209600001,
        1.4401018919600002,
        9.60797729022,
        3.10752397122,
        8.09086500822,
        20.1381882042,
        17.1271045182,
        19.3581183182,
        19.527424360439998,
        19.12845869544,
        17.09565310344,
        1.6294538642600003,
        6.83492205326,
        4.7635751952600005
      ],
      "mean": 5.346310602242456,
      "median": 4.16123708072,
      "min": 1.16892533014,
      "max": 20.1381882042,
      "stddev": 5.213203867283638
    },
    {
      "command": "topquadrant",