{
  "results": [
    {
      "command": "shacl-compiler2:pnnl-bdg2-1.ttl",
      "mean": 120.02809195254667,
      "stddev": 0.004033643552742133,
      "median": 120.02729723188,
      "user": 1831.8361987066667,
      "system": 0.6518431,
      "min": 120.02451481988,
      "max": 120.03246380588,
      "times": [
        120.03246380588,
        120.02451481988,
        120.02729723188
      ],
      "memory_usage_byte": [
        349872128,
        349872128,
        349872128
      ],
      "exit_codes": [
        124,
        124,
        124
      ]
    }
  ]
}
