{
  "results": [
    {
      "command": "shifty-pre:pnnl-bdg1-2.ttl",
      "mean": 6.93545542322,
      "stddev": 3.4007648874858916,
      "median": 8.09086500822,
      "user": 8.080650566666668,
      "system": 0.4417226333333333,
      "min": 3.10752397122,
      "max": 9.60797729022,
      "times": [
        9.60797729022,
        3.10752397122,
        8.09086500822
      ],
      "memory_usage_byte": [
        713531392,
        713531392,
        847413248
      ],
      "exit_codes": [
        0,
        0,
        0
      ]
    }
  ]
}
