{
  "results": [
    {
      "command": "shacl-compiler2:pnnl-bdg1-2.ttl",
      "mean": 11.351471153579999,
      "stddev": 0.20866339840260872,
      "median": 11.24926853958,
      "user": 122.67314228,
      "system": 0.28105888666666673,
      "min": 11.213611133579999,
      "max": 11.59153378758,
      "times": [
        11.213611133579999,
        11.24926853958,
        11.59153378758
      ],
      "memory_usage_byte": [
        275169280,
        275169280,
        275169280
      ],
      "exit_codes": [
        0,
        0,
        0
      ]
    }
  ]
}
