{
  "results": [
    {
      "command": "topquadrant:pnnl-bdg3-2.ttl",
      "mean": 53.699796140446665,
      "stddev": 0.18026419867422544,
      "median": 53.665789610779996,
      "user": 179.88617246666664,
      "system": 6.824341653333332,
      "min": 53.53895720478,
      "max": 53.89464160578,
      "times": [
        53.53895720478,
        53.665789610779996,
        53.89464160578
      ],
      "memory_usage_byte": [
        1385963520,
        1413443584,
        1413443584
      ],
      "exit_codes": [
        0,
        0,
        0
      ]
    }
  ]
}
