{
  "results": [
    {
      "command": "pyshacl:pnnl-bdg1-2.ttl",
      "mean": 120.00689015127334,
      "stddev": 0.0010107914827538365,
      "median": 120.00668353194,
      "user": 110.71570838666666,
      "system": 8.917390059999997,
      "min": 120.00599863394,
      "max": 120.00798828794,
      "times": [
        120.00668353194,
        120.00599863394,
        120.00798828794
      ],
      "memory_usage_byte": [
        111652864,
        111652864,
        111652864
      ],
      "exit_codes": [
        124,
        124,
        124
      ]
    }
  ]
}
