{
  "results": [
    {
      "command": "shifty-pre:pnnl-bdg3-2.ttl",
      "mean": 18.58384538644,
      "stddev": 1.3041589641787477,
      "median": 19.12845869544,
      "user": 156.16950815333334,
      "system": 1.9538744799999996,
      "min": 17.09565310344,
      "max": 19.527424360439998,
      "times": [
        19.527424360439998,
        19.12845869544,
        17.09565310344
      ],
      "memory_usage_byte": [
        1111937024,
        1145090048,
        1145090048
      ],
      "exit_codes": [
        0,
        0,
        0
      ]
    }
  ]
}
