{
  "results": [
    {
      "command": "pyshacl:pnnl-bdg2-1.ttl",
      "mean": 120.00873347297335,
      "stddev": 0.0020500925125269812,
      "median": 120.00791687364001,
      "user": 115.92635846666667,
      "system": 3.8964118666666665,
      "min": 120.00721751864,
      "max": 120.01106602664001,
      "times": [
        120.00721751864,
        120.01106602664001,
        120.00791687364001
      ],
      "memory_usage_byte": [
        134205440,
        219807744,
        219807744
      ],
      "exit_codes": [
        124,
        124,
        124
      ]
    }
  ]
}
