{
  "results": [
    {
      "command": "shifty:pnnl-bdg1-2.ttl",
      "mean": 6.6547154232466665,
      "stddev": 2.257634348978572,
      "median": 7.64508409658,
      "user": 7.274786193333334,
      "system": 0.4152274133333333,
      "min": 4.0711608435799995,
      "max": 8.247901329580001,
      "times": [
        8.247901329580001,
        4.0711608435799995,
        7.64508409658
      ],
      "memory_usage_byte": [
        710471680,
        710471680,
        710471680
      ],
      "exit_codes": [
        0,
        0,
        0
      ]
    }
  ]
}
