{
  "results": [
    {
      "command": "shifty:pnnl-bdg2-1.ttl",
      "mean": 20.134017123086668,
      "stddev": 2.6583362903890566,
      "median": 18.63179292442,
      "user": 182.2516425933333,
      "system": 1.0637068066666666,
      "min": 18.56688771742,
      "max": 23.20337072742,
      "times": [
        23.20337072742,
        18.63179292442,
        18.56688771742
      ],
      "memory_usage_byte": [
        988569600,
        988569600,
        988569600
      ],
      "exit_codes": [
        0,
        0,
        0
      ]
    }
  ]
}
