{
  "results": [
    {
      "command": "pyshacl:pnnl-bdg3-2.ttl",
      "mean": 120.01032481165333,
      "stddev": 0.00197906763793433,
      "median": 120.01079674731999,
      "user": 115.43506999333334,
      "system": 4.387225033333333,
      "min": 120.00815243832,
      "max": 120.01202524931999,
      "times": [
        120.01202524931999,
        120.00815243832,
        120.01079674731999
      ],
      "memory_usage_byte": [
        206884864,
        206884864,
        206884864
      ],
      "exit_codes": [
        124,
        124,
        124
      ]
    }
  ]
}
