{
  "results": [
    {
      "command": "topquadrant:pnnl-bdg1-2.ttl",
      "mean": 15.070867188606664,
      "stddev": 0.25810781749799044,
      "median": 14.92228338194,
      "user": 73.09695067333332,
      "system": 3.611125306666666,
      "min": 14.92141418194,
      "max": 15.368904001939999,
      "times": [
        14.92228338194,
        14.92141418194,
        15.368904001939999
      ],
      "memory_usage_byte": [
        655003648,
        665948160,
        771657728
      ],
      "exit_codes": [
        0,
        0,
        0
      ]
    }
  ]
}
