{
  "results": [
    {
      "command": "shifty:pnnl-bdg3-2.ttl",
      "mean": 19.067658270333336,
      "stddev": 1.7279591895829607,
      "median": 18.304285298,
      "user": 164.1034824333333,
      "system": 1.0031295199999999,
      "min": 17.852851963,
      "max": 21.045837549999998,
      "times": [
        18.304285298,
        17.852851963,
        21.045837549999998
      ],
      "memory_usage_byte": [
        945373184,
        945373184,
        945373184
      ],
      "exit_codes": [
        0,
        0,
        0
      ]
    }
  ]
}
