{
  "results": [
    {
      "command": "shifty-pre:pnnl-bdg2-1.ttl",
      "mean": 18.874470346866666,
      "stddev": 1.5627196681282833,
      "median": 19.3581183182,
      "user": 187.93269973999998,
      "system": 0.99905176,
      "min": 17.1271045182,
      "max": 20.1381882042,
      "times": [
        20.1381882042,
        17.1271045182,
        19.3581183182
      ],
      "memory_usage_byte": [
        823128064,
        828317696,
        828317696
      ],
      "exit_codes": [
        0,
        0,
        0
      ]
    }
  ]
}
