{
  "results": [
    {
      "command": "topquadrant:pnnl-bdg2-1.ttl",
      "mean": 92.35635326839333,
      "stddev": 0.7740927308852565,
      "median": 92.50327172406001,
      "user": 220.98422229333335,
      "system": 7.12587814,
      "min": 91.51932951706,
      "max": 93.04645856406,
      "times": [
        91.51932951706,
        93.04645856406,
        92.50327172406001
      ],
      "memory_usage_byte": [
        1423515648,
        1423515648,
        1485885440
      ],
      "exit_codes": [
        0,
        0,
        0
      ]
    }
  ]
}
