{
  "results": [
    {
      "command": "shacl-compiler2:pnnl-bdg3-2.ttl",
      "mean": 120.02886442854667,
      "stddev": 0.005110628448057738,
      "median": 120.03052107187999,
      "user": 1825.5989180333333,
      "system": 0.6797092666666668,
      "min": 120.02313098987999,
      "max": 120.03294122387999,
      "times": [
        120.02313098987999,
        120.03294122387999,
        120.03052107187999
      ],
      "memory_usage_byte": [
        346386432,
        346386432,
        346386432
      ],
      "exit_codes": [
        124,
        124,
        124
      ]
    }
  ]
}
