{
  "results": [
    {
      "command": "pyshacl:scb-vrf.ttl",
      "mean": 120.00859097610002,
      "stddev": 0.0014131525287577108,
      "median": 120.00914897210001,
      "user": 114.08645818000001,
      "system": 5.673383833333332,
      "min": 120.00698401710001,
      "max": 120.00963993910001,
      "times": [
        120.00914897210001,
        120.00963993910001,
        120.00698401710001
      ],
      "memory_usage_byte": [
        109854720,
        112422912,
        113328128
      ],
      "exit_codes": [
        124,
        124,
        124
      ]
    }
  ]
}
