{
  "results": [
    {
      "command": "shifty-pre:scb-vrf.ttl",
      "mean": 4.4093170375933335,
      "stddev": 2.6207534982095835,
      "median": 4.7635751952600005,
      "user": 11.308183133333332,
      "system": 0.36745219999999995,
      "min": 1.6294538642600003,
      "max": 6.83492205326,
      "times": [
        1.6294538642600003,
        6.83492205326,
        4.7635751952600005
      ],
      "memory_usage_byte": [
        190279680,
        762597376,
        762597376
      ],
      "exit_codes": [
        0,
        0,
        0
      ]
    }
  ]
}
