{
  "results": [
    {
      "command": "shacl-compiler2:scb-vrf.ttl",
      "mean": 53.57556146764667,
      "stddev": 1.059953242268089,
      "median": 53.97077752698,
      "user": 789.4077702266665,
      "system": 0.43730341999999994,
      "min": 52.37478143098,
      "max": 54.38112544498,
      "times": [
        52.37478143098,
        53.97077752698,
        54.38112544498
      ],
      "memory_usage_byte": [
        294944768,
        296636416,
        298004480
      ],
      "exit_codes": [
        0,
        0,
        0
      ]
    }
  ]
}
