{
  "results": [
    {
      "command": "shifty:scb-vrf.ttl",
      "mean": 6.576641228846667,
      "stddev": 0.01991968062685751,
      "median": 6.580150332180001,
      "user": 14.032971993333334,
      "system": 0.4765079066666667,
      "min": 6.5552001761800005,
      "max": 6.59457317818,
      "times": [
        6.580150332180001,
        6.59457317818,
        6.5552001761800005
      ],
      "memory_usage_byte": [
        603725824,
        614096896,
        614096896
      ],
      "exit_codes": [
        0,
        0,
        0
      ]
    }
  ]
}
