{
  "results": [
    {
      "command": "topquadrant:scb-vrf.ttl",
      "mean": 15.701753206033333,
      "stddev": 0.3683780400331681,
      "median": 15.5005786127,
      "user": 75.09055386666667,
      "system": 3.4478508866666666,
      "min": 15.4777654457,
      "max": 16.126915559700002,
      "times": [
        15.4777654457,
        15.5005786127,
        16.126915559700002
      ],
      "memory_usage_byte": [
        955240448,
        965320704,
        965320704
      ],
      "exit_codes": [
        0,
        0,
        0
      ]
    }
  ]
}
